"species","mean_percentage","sd_percentage"
"Narcine insolita",14,34.8735088019777
"Squalus bahiensis",12,32.659863237109
"Squalus hawaiiensis",11,21.9963265987388
"Bathyraja leucomelanos",10,11.6504215903255
"Rajella eisenhardti",10,22.4733287487747
"Rhinobatos lionotus",10,9.74420314594759
"Anacanthobatis folirostris",10,9.00319323711848
"Bythaelurus alcockii",9.55555555555556,9.60888726923866
"Urolophus deforgesi",9.53571428571428,5.60811817695595
"Rajella purpuriventralis",9.52,5.04621069954896
"Acroteriobatus blochii",9.5,22.1279566306169
"Urolophus lobatus",9.5,13.6607526006498
"Parmaturus bigus",9.375,10.4166666666667
"Rajella paucispinosa",9.33333333333333,15.7705204535545
"Urolophus papilio",9.25806451612903,5.2807732361742
"Apristurus nakayai",9.25,16.5354684593971
"Himantura hortlei",9.14285714285714,12.2705702159287
"Cruriraja cadenati",9,7.54336509141357
"Himantura kittipongi",9,28.7623491264661
"Haploblepharus fuscus",9,11.2421666995556
"Okamejei philipi",9,20.572610996962
"Parmaturus nigripalatum",9,28.7623491264661
"Pliotrema annae",9,28.7623491264661
"Potamotrygon magdalenae",9,19.3061459832685
"Pristiophorus lanae",9,28.7623491264661
"Myliobatis peruvianus",9,16.312740402484
"Aulohalaelurus labiosus",8.93150684931507,3.13031478821718
"Apristurus investigatoris",8.93103448275862,5.75954770547795
"Leucoraja yucatanensis",8.84615384615385,7.98772293271815
"Asymbolus funebris",8.83333333333333,11.472653280233
"Cirrhoscyllium formosanum",8.83333333333333,10.4486881557009
"Neoraja carolinensis",8.81481481481481,4.93209490257733
"Apristurus stenseni",8.8,14.3040574875124
"Bathyraja pallida",8.76923076923077,7.49713550780733
"Apristurus fedorovi",8.75555555555556,3.58489577817356
"Centroscyllium ornatum",8.74193548387097,3.71197882910102
"Anacanthobatis longirostris",8.671875,2.13449259385154
"Dipturus queenslandicus",8.64516129032258,5.14415532994368
"Cephaloscyllium zebrum",8.63636363636364,8.70388279778489
"Rhinobatos nudidorsalis",8.625,9.84331157834003
"Bythaelurus tenuicephalus",8.61538461538461,7.75267686451183
"Parmaturus melanobranchus",8.6078431372549,3.87068393253804
"Etmopterus caudistigmus",8.6,4.78915722607088
"Breviraja mouldi",8.59090909090909,6.48947467643503
"Apristurus manis",8.58974358974359,4.37903878887162
"Breviraja claramaculata",8.58823529411765,6.71056116809919
"Pseudoraja fischeri",8.57692307692308,5.72972748571398
"Bathyraja ishiharai",8.57142857142857,5.93913870916499
"Bythaelurus naylori",8.56521739130435,5.81206895179095
"Okamejei cairae",8.52325581395349,2.50677172587277
"Dipturus olseni",8.51515151515152,3.56981758526713
"Scyliorhinus meadi",8.51127819548872,2.27926163662089
"Rajella ravidula",8.50387596899225,2.78620254124768
"Bathyraja andriashevi",8.50335570469799,2.10307053926366
"Cruriraja atlantis",8.5,5.71510481505269
"Fenestraja atripinna",8.49056603773585,3.98222530574405
"Rhinoraja longicauda",8.49019607843137,4.04878809276751
"Apristurus gibbosus",8.47826086956522,5.57461739078789
"Orectolobus floridus",8.46875,4.83092857497031
"Apristurus herklotsi",8.4537037037037,2.70561906542008
"Cephaloscyllium speccum",8.44871794871795,2.6286551815851
"Heteronarce bentuviai",8.44444444444444,10.6081447367085
"Scyliorhinus comoroensis",8.44444444444444,9.49136690058925
"Orectolobus parvimaculatus",8.4375,4.83511265576505
"Asymbolus submaculatus",8.43617021276596,2.68046811233626
"Urolophus circularis",8.42857142857143,6.04824204371213
"Trygonoptera imitata",8.42647058823529,3.71477373223778
"Dipturus oregoni",8.41509433962264,4.01746692461097
"Leucoraja compagnoi",8.41304347826087,3.74186406186827
"Dipturus lamillai",8.40322580645161,2.39116849114958
"Dipturus garricki",8.40236686390533,2.40098529550231
"Urolophus mitosis",8.4,12.4494939250517
"Orectolobus hutchinsi",8.38461538461539,3.07920169976842
"Fenestraja plutonia",8.3781512605042,2.48095103109412
"Parmaturus pilosus",8.37668161434978,2.00227954795472
"Oxynotus japonicus",8.375,9.24125986207421
"Mustelus stevensi",8.37096774193548,2.32881526262578
"Dactylobatus clarkii",8.37037037037037,1.8174888870929
"Bythaelurus dawsoni",8.35665914221219,1.23804977760518
"Zearaja argentinensis",8.34965034965035,2.28999746665773
"Asymbolus pallidus",8.3495145631068,2.04561838237388
"Dipturus melanospilus",8.34751773049645,2.19663953385695
"Urolophus westraliensis",8.33766233766234,3.27186927195379
"Apristurus bucephalus",8.33333333333333,10.9841228136018
"Cephaloscyllium stevensi",8.33333333333333,10.4607652410141
"Fenestraja mamillidens",8.33333333333333,16.6666666666667
"Raja bahamensis",8.33333333333333,15.2605504340789
"Brochiraja spinifera",8.32780082987552,1.8939276808984
"Bathyraja papilionifera",8.32075471698113,3.4037884598075
"Bathyraja smithii",8.31868131868132,3.06172212017605
"Centrophorus harrissoni",8.31313131313131,2.595611994401
"Galeus eastmani",8.31088082901554,1.944157994396
"Apristurus saldanha",8.31,2.8165994254122
"Isistius plutodus",8.30927835051546,1.38957069270293
"Malacoraja kreffti",8.30813953488372,1.96648354718287
"Bythaelurus hispidus",8.30769230769231,3.32265738012409
"Urolophus orarius",8.2962962962963,5.69703868164859
"Apristurus macrorhynchus",8.29585798816568,2.08395246356423
"Centroscyllium granulatum",8.29411764705882,4.29816780755803
"Fenestraja cubensis",8.29166666666667,3.5722407241109
"Dipturus gigas",8.28991596638656,1.78547585000725
"Scymnodalatias sherwoodi",8.28295819935691,1.52341242698657
"Cephaloscyllium sarawakensis",8.27272727272727,8.07914353838838
"Etmopterus dislineatus",8.26222222222222,1.85907815663244
"Bythaelurus canescens",8.26027397260274,2.32183831553758
"Centroscymnus plunketi",8.25816485225505,1.07145553399743
"Squatina albipunctata",8.2572347266881,1.64393261368339
"Bathyraja cousseauae",8.25,1.78385291704554
"Sinobatis caerulea",8.25,4.074743593594
"Himantura dalyensis",8.25,7.5373183047974
"Apristurus japonicus",8.24822695035461,2.31992970678528
"Acroteriobatus salalah",8.24778761061947,2.33927716905094
"Leucoraja lentiginosa",8.24242424242424,2.55782482536113
"Triakis megalopterus",8.24,5.68023331431469
"Sinobatis bulbicauda",8.23888888888889,1.99146294941373
"Bathyraja scaphiops",8.23372781065089,1.5295710298345
"Trygonoptera galba",8.22727272727273,4.20908783495555
"Neoraja africana",8.22641509433962,3.96430560821262
"Narcine lasti",8.22529644268775,1.58072321099372
"Asymbolus galacticus",8.22222222222222,6.29134287227701
"Pavoraja umbrosa",8.22222222222222,3.88911156792142
"Bathyraja spinosissima",8.22189349112426,1.39804066174301
"Breviraja colesi",8.21897810218978,1.93988045601186
"Dactylobatus armatus",8.2183908045977,2.61586896037998
"Mustelus ravidus",8.21739130434783,1.67815128208509
"Galeus longirostris",8.2156862745098,2.72272522902114
"Notoraja lira",8.21428571428571,3.33256020718741
"Rhinoraja kujiensis",8.21153846153846,2.11860005361657
"Heterodontus quoyi",8.21052631578947,6.13784409983716
"Apristurus exsanguis",8.21032258064516,0.907341551497043
"Zearaja chilensis",8.20987654320988,3.52425131823008
"Apristurus ampliceps",8.20661157024793,1.52368790338382
"Maculabatis arabica",8.20491803278689,2.58283772980529
"Gurgesiella furvescens",8.20224719101124,2.77760242962384
"Irolita waitii",8.2012987012987,2.3954959915155
"Etmopterus decacuspidatus",8.2,13.056211030182
"Parascyllium sparsimaculatum",8.2,5.34279463815095
"Sinobatis andamanensis",8.2,12.7429917360029
"Dipturus doutrei",8.19794344473008,1.29641054083603
"Notoraja hirticauda",8.19642857142857,3.58129049649487
"Okamejei schmidti",8.19480519480519,3.08156451148191
"Oxynotus caribbaeus",8.19327731092437,1.86332418706584
"Brochiraja asperula",8.19188191881919,1.09168513149096
"Sympterygia brevicaudata",8.19047619047619,5.66598150271078
"Leucoraja pristispina",8.18292682926829,2.00869255507913
"Okamejei pita",8.18181818181818,7.80640623432769
"Bathyraja abyssicola",8.18101761252446,0.928354782280508
"Glyphis gangeticus",8.18095238095238,2.12461369927011
"Scyliorhinus torrei",8.18032786885246,2.34741507607453
"Apristurus nasutus",8.17708333333333,2.54456198589386
"Deania hystricosa",8.16746411483254,1.73284120270469
"Breviraja nigriventralis",8.16666666666667,3.5651700815582
"Squalus raoulensis",8.16666666666667,11.2354157867537
"Tetronarce tremens",8.16666666666667,2.2029909150122
"Bathyraja meridionalis",8.16631578947368,1.17969711103763
"Rhinobatos prahli",8.16129032258064,5.43380824892686
"Malacoraja spinacidermis",8.15646258503401,0.681255031990936
"Brochiraja vittacauda",8.15625,5.30952828351393
"Dipturus bullisi",8.15591397849462,2.20954006322952
"Bathyraja peruana",8.15384615384615,2.26701756688975
"Cruriraja andamanica",8.15384615384615,7.2375276322761
"Urolophus expansus",8.15384615384615,2.6765192530418
"Sutorectus tentaculatus",8.15083798882682,2.24040646745014
"Etmopterus brachyurus",8.14609571788413,1.28599351526293
"Scymnodalatias albicauda",8.14035087719298,1.36188139083264
"Apristurus brunneus",8.14018691588785,1.23952366453333
"Ctenacis fehlmanni",8.13157894736842,2.47748691891944
"Parascyllium elongatum",8.1304347826087,5.37512269765234
"Leucoraja leucosticta",8.1275720164609,1.53351487609873
"Apristurus platyrhynchus",8.12464589235127,1.51133137100982
"Somniosus antarcticus",8.12242686890574,0.833326085934462
"Apristurus pinguis",8.12189616252822,1.2242535696178
"Halaelurus quagga",8.11931818181818,2.24718051308052
"Bathyraja hesperafricana",8.11890243902439,1.36390705155215
"Dipturus falloargus",8.11864406779661,1.84458708292523
"Zapteryx xyster",8.11864406779661,4.19544482778556
"Somniosus longus",8.11290322580645,1.75086112185178
"Scymnodalatias garricki",8.11111111111111,5.06829389971203
"Dasyatis margarita",8.10887096774194,1.54306162871974
"Odontaspis noronhai",8.10856453558504,0.590348279927075
"Squalus brevirostris",8.10845588235294,1.06576501321513
"Okamejei leptoura",8.10778443113773,1.98950127985185
"Bathyraja fedorovi",8.10714285714286,1.18421531009577
"Paragaleus pectoralis",8.10652920962199,1.0347909155104
"Etmopterus viator",8.10628019323672,1.20959208343416
"Brochiraja heuresa",8.1025641025641,4.76184214604585
"Brochiraja leviveneta",8.1021897810219,0.974672684349293
"Squatina tergocellata",8.10126582278481,2.33024494033487
"Squalus albifrons",8.10055865921788,2.07593441633122
"Squalus lobularis",8.1,4.28056448651721
"Etmopterus compagnoi",8.09876543209877,1.97413919741009
"Dipturus wengi",8.09491525423729,1.70432586941646
"Etmopterus fusus",8.09375,3.57672598195612
"Holohalaelurus melanostigma",8.09090909090909,6.11477172576392
"Etmopterus unicolor",8.08827586206896,1.00243305304996
"Rajella nigerrima",8.08805031446541,2.26150237904837
"Rajella kukujevi",8.08733624454148,1.36262523285496
"Etmopterus benchleyi",8.08695652173913,5.89573534439841
"Breviraja spinosa",8.08333333333333,3.97584951287722
"Hongeo koreana",8.08333333333333,5.12265385240722
"Pristiophorus delicatus",8.08264462809917,2.51547256584553
"Bathyraja multispinis",8.07938718662953,1.08867786198683
"Squalus notocaudatus",8.07874015748031,2.47641402165853
"Bathyraja tzinovskii",8.07692307692308,2.85609670303171
"Galeus mincaronei",8.07692307692308,5.69428135212406
"Cruriraja hulleyi",8.07368421052631,2.88199311727925
"Centroscymnus crepidater",8.07352941176471,0.57490085430072
"Scyliorhinus capensis",8.07258064516129,2.46773341680157
"Rajella barnardi",8.07216494845361,1.05638667690305
"Deania quadrispinosa",8.07161125319693,1.26255965463129
"Galeus nipponensis",8.07070707070707,2.77462696148215
"Etmopterus sculptus",8.07065217391304,1.97753652155565
"Raja herwigi",8.07042253521127,2.99517671920978
"Apristurus australis",8.06903765690376,1.35164132896302
"Apristurus microps",8.06870229007634,2.59549922091326
"Psammobatis normani",8.06868131868132,1.3199381428794
"Chlamydoselachus africana",8.06802721088435,2.36053520757441
"Apristurus garricki",8.06666666666667,1.55004865958953
"Bythaelurus bachi",8.06666666666667,7.1724000243983
"Cirrhoscyllium japonicum",8.06666666666667,3.05211008681578
"Dasyatis rudis",8.06666666666667,7.10953265309715
"Myliobatis chilensis",8.06666666666667,7.23472111933301
"Carcharhinus galapagensis",8.06585858585859,0.498685491160832
"Notoraja inusitata",8.06521739130435,3.28885662154332
"Cetorhinus maximus",8.06430722366264,0.0607535833347424
"Rhinobatos annandalei",8.06410256410256,3.17870486068526
"Oxynotus bruniensis",8.06292749658003,1.00146070930728
"Tetronarce cowleyi",8.0625,2.36829529430139
"Etmopterus evansi",8.05988023952096,1.96569248314107
"Rajella dissimilis",8.05929919137466,1.33292553481589
"Mobula munkiana",8.05651755651756,0.392102419685931
"Rhinochimaera atlantica",8.05534779356769,0.759749076623165
"Fenestraja ishiyamai",8.05454545454545,3.54574885171558
"Benthobatis marcida",8.05434782608696,2.9438773181046
"Rhynchobatus luebberti",8.05333333333333,2.50643168180047
"Centroscyllium kamoharai",8.05234159779614,1.40515508612751
"Bathyraja macloviana",8.05133470225873,1.17190037411541
"Pavoraja arenaria",8.0507614213198,1.74657561904718
"Parmaturus macmillani",8.05063291139241,3.05603462848766
"Cephaloscyllium variegatum",8.05,2.12100434555062
"Centrophorus squamosus",8.04865706500584,0.528501570556073
"Scyliorhinus retifer",8.04823151125402,1.89950474576466
"Squalus grahami",8.04807692307692,1.97650622647834
"Aetomylaeus asperrimus",8.04761904761905,5.92736445811827
"Etmopterus robinsi",8.04761904761905,3.02270055753596
"Benthobatis moresbyi",8.04733727810651,2.14915276334554
"Lamna nasus",8.04730281051677,0.124706612020363
"Okamejei arafurensis",8.04516129032258,2.22255749580882
"Bathyraja albomaculata",8.04428571428571,1.01761338566268
"Euprotomicrus bispinatus",8.04291467250939,0.067984280597696
"Prionace glauca",8.04223664407527,0.0545953714311252
"Apristurus sinensis",8.04182509505703,1.15452296230801
"Figaro striatus",8.04081632653061,2.72988682693085
"Dasyatis margaritella",8.04059040590406,1.47255829215559
"Notoraja longiventralis",8.03947368421053,3.29223701051775
"Rajella leoparda",8.0381679389313,1.22384272149217
"Bathyraja griseocauda",8.03521126760563,1.03758186002396
"Carcharodon carcharias",8.0336955109303,0.0564833991098798
"Alopias vulpinus",8.03335241167595,0.0610090019994365
"Apristurus kampae",8.03333333333333,1.86423332872721
"Amblyraja doellojuradoi",8.03266787658802,1.11984444366014
"Raja straeleni",8.03266331658291,1.20760212172853
"Bathyraja murrayi",8.03260869565217,3.07784955034157
"Pseudocarcharias kamoharai",8.03214770359894,0.103736632357827
"Megachasma pelagios",8.03151166965889,0.0818733351546019
"Dipturus macrocauda",8.02941176470588,1.47496378170858
"Deania calcea",8.0291519434629,0.61458911512582
"Bathyraja brachyurops",8.02842809364548,1.07101900840772
"Lamna ditropis",8.02793847890504,0.187983590095233
"Zanobatus schoenleinii",8.02784810126582,1.39283275039436
"Galeus murinus",8.02649656526006,0.79006052633681
"Dipturus oxyrinchus",8.02508361204013,0.782545964256988
"Apristurus breviventralis",8.02439024390244,4.56358937165234
"Planonasus parini",8.02439024390244,4.56358937165234
"Mobula thurstoni",8.02437160557845,0.0775319247807842
"Alopias pelagicus",8.0237061325771,0.105648385060254
"Centroscymnus coelolepis",8.02346517119244,0.292524395283913
"Mobula tarapacana",8.02334640626444,0.0776413678576965
"Neoraja caerulea",8.02314814814815,1.82601576169458
"Manta birostris",8.02228526265278,0.0802992663894412
"Isurus oxyrinchus",8.02217385216583,0.070171809804162
"Mobula mobular",8.0203737570008,0.0806569206168244
"Aptychotrema vincentiana",8.01941747572815,1.69855350738677
"Alopias superciliosus",8.01489264111458,0.0838783788830875
"Carcharhinus longimanus",8.01442860427685,0.0822116972536658
"Gollum attenuatus",8.01413427561837,1.6031438144952
"Cirrhigaleus australis",8.01388888888889,0.960578122211461
"Narcine nelsoni",8.01333333333333,2.31130535314263
"Zearaja nasuta",8.01293103448276,1.23383109725176
"Acroteriobatus omanensis",8.01123595505618,2.30686293929549
"Cephaloscyllium ventriosum",8.00906344410876,1.47474678770283
"Dipturus tengu",8.00900900900901,1.4625050967228
"mpa_ALL_present",8.00820851766963,0.0354762853459451
"Isurus paucus",8.0076663648003,0.0845559104294502
"Etmopterus molleri",8.00681114551084,0.665771459773882
"Holohalaelurus regani",8.00675675675676,2.22832292088633
"Rhincodon typus",8.00623697071187,0.0941935282079321
"Carcharhinus falciformis",8.00569393763111,0.0940285280080525
"Carcharhinus obsoletus",8.00558659217877,1.98836993196796
"Rajella bathyphila",8.00145666423889,0.626878683999595
"Bathyraja matsubarai",8,3.079201435678
"Benthobatis yangi",8,18.4226474588735
"Dipturus johannisdavisi",8,4.00441675345531
"Galeus polli",8,1.23682474090917
"Haploblepharus pictus",8,9.14943283554348
"Indobatis ori",8,6.42665604872197
"Okamejei jensenae",8,8.76171654230361
"Parmaturus lanatus",8,9.08317416294674
"Pavoraja alleni",8,2.28710370940834
"Psammobatis parvacauda",8,12.7525002500005
"Squalus quasimodo",8,4.43812682299297
"Urobatis tumbesensis",8,7.16640239118089
"Centrophorus seychellorum",8,14.3078231996976
"Rhynchobatus immaculatus",8,7.29374068627705
"Sympterygia lima",8,10.1835015443463
"Notoraja azurea",7.99736842105263,1.35166146789909
"Squalus montalbani",7.9958041958042,0.956471459209331
"Cephaloscyllium isabellum",7.99514563106796,1.36424875478272
"Asymbolus occiduus",7.9940119760479,1.99668832535171
"Apristurus melanoasper",7.99337231968811,0.545652971021487
"Squalus japonicus",7.99261083743842,1.17545380710074
"Pteroplatytrygon violacea",7.99011925042589,0.470030626290324
"Gymnura tentaculata",7.98989898989899,2.16354529648718
"Cephaloscyllium umbratile",7.98966408268734,1.30661727051367
"Bathyraja schroederi",7.98888888888889,3.2507349500422
"Tetronarce tokionis",7.98792270531401,1.20956041371374
"Dipturus trachyderma",7.98493975903614,1.04493558656368
"Manta alfredi",7.98396829685671,0.142271352134173
"Rajella lintea",7.98206751054852,0.647319104047079
"Okamejei meerdervoortii",7.97909407665505,1.46032761201361
"Dipturus acrobelus",7.97744360902256,1.72201028670783
"Proscyllium habereri",7.97704918032787,1.03791664539384
"Psammobatis rutrum",7.97674418604651,1.67295994954264
"Centroscyllium nigrum",7.97650130548303,1.40892254679114
"Dipturus gudgeri",7.97643979057592,1.39191753720397
"Dipturus innominatus",7.97547683923706,1.56064799848342
"Bathyraja richardsoni",7.97508417508418,0.625823631948779
"Cephaloscyllium hiscosellum",7.975,2.39614530980052
"Hemitriakis complicofasciata",7.97435897435897,3.90645978872699
"Etmopterus splendidus",7.96875,2.47911007772894
"Etmopterus princeps",7.9684265010352,0.583854370827745
"Rajella bigelowi",7.96643109540636,0.535712772995096
"Dipturus teevani",7.96467991169978,1.3424725583374
"Torpedo andersoni",7.96311475409836,1.74682341540473
"Bathyraja magellanica",7.96256684491979,1.34448235102553
"Parmaturus xaniurus",7.96153846153846,1.57791191625104
"Narcine brevilabiata",7.96142433234421,1.48101249965234
"Notoraja alisae",7.9609756097561,1.87313582951799
"Urotrygon munda",7.96,6.05683519053082
"Rajella fyllae",7.95946253700752,0.404480886806566
"Squatina tergocellatoides",7.95652173913043,2.93849652320135
"Apristurus laurussonii",7.95466666666667,0.77866500622488
"Arhynchobatis asperrimus",7.95145631067961,3.19983935001312
"Centroscyllium fabricii",7.94886922320551,0.410869882019685
"Mustelus lenticulatus",7.94711538461539,1.38946684974187
"Hexatrygon bickelli",7.94663108739159,0.662668068442872
"Notoraja sapphira",7.94642857142857,3.86904761904762
"Isistius brasiliensis",7.94635004397537,0.692567187370682
"Furgaleus macki",7.94478527607362,1.52815490895931
"Hemitriakis falcata",7.9438202247191,2.73016169366452
"Asymbolus parvus",7.94270833333333,1.74457375580284
"Mobula hypostoma",7.94087523277467,0.292734899478355
"Notoraja martinezi",7.94,3.9127349705155
"Squalus griffini",7.93802816901408,1.49452723532853
"Raja maderensis",7.9375,4.5169958227373
"Urolophus bucculentus",7.93461538461538,1.77196083408678
"Rhinochimaera africana",7.93408360128617,0.99981701399909
"Bathyraja spinicauda",7.93377308707124,0.443934630869331
"Etmopterus alphus",7.93333333333333,3.93557039112873
"Amblyraja hyperborea",7.93134481871946,0.224348778216109
"Oxynotus paradoxus",7.931330472103,1.00180626182402
"Scymnodon ringens",7.93103448275862,1.29388809400702
"Scyliorhinus cervigoni",7.9309462915601,1.32095804348433
"Apristurus aphyodes",7.92997811816193,1.07023477590204
"Dasyatis lata",7.92920353982301,2.76125447135643
"Centrophorus moluccensis",7.92821368948247,1.06024123682769
"Cruriraja poeyi",7.92380952380952,2.80660775940322
"Aculeola nigra",7.92307692307692,3.71832826792046
"Orectolobus halei",7.91957104557641,1.43967498106889
"Parascyllium variolatum",7.91851851851852,1.54536773937139
"Pristiophorus cirratus",7.91825613079019,1.28145304530656
"Asymbolus vincenti",7.91818181818182,1.38608867060679
"Schroederichthys tenuis",7.91578947368421,2.864170943775
"Dipturus healdi",7.91566265060241,3.17269076305221
"Centroscymnus owstonii",7.91174751607247,0.623231945210831
"Scyliorhinus boa",7.9106529209622,1.67068137273775
"Psammobatis rudis",7.91034482758621,1.27768965265573
"Figaro boardmani",7.90978886756238,1.19828189243029
"Bythaelurus immaculatus",7.90909090909091,8.136800958847
"Dipturus flindersi",7.90909090909091,7.7155152814379
"Bythaelurus lutarius",7.90909090909091,5.87242278462496
"Atlantoraja cyclophora",7.90740740740741,1.66000247237259
"Dipturus pullopunctatus",7.90526315789474,2.79300730114858
"Brochiraja albilabiata",7.9047619047619,5.67163819249143
"Dipturus canutus",7.90336134453782,1.76016793179429
"Apristurus macrostomus",7.9,1.85317564060213
"Squatina australis",7.89913544668588,1.3031024622943
"Bathyraja aleutica",7.89885714285714,0.625328377968506
"Apristurus canutus",7.8974358974359,3.95352166796282
"Chlamydoselachus anguineus",7.8969696969697,0.643008800180748
"Bathyraja shuntovi",7.8955223880597,1.30083736361893
"Bathyraja violacea",7.89406286379511,0.904575946359425
"Mustelus dorsalis",7.89285714285714,4.27864375870851
"Centrophorus tessellatus",7.89152542372881,1.66002786675537
"Torpedo mackayana",7.89075630252101,2.46201814529096
"Cruriraja rugosa",7.89010989010989,1.36146240328475
"Brochiraja microspinifera",7.88888888888889,3.17824866846808
"Bythaelurus incanus",7.88888888888889,8.97475363274252
"Cephaloscyllium silasi",7.88888888888889,3.15313845900271
"Scyliorhinus haeckelii",7.8871473354232,1.38534221742997
"Schroederichthys bivius",7.88492706645057,1.01656939742654
"Orectolobus maculatus",7.88144329896907,1.42545800660092
"Raja brachyura",7.87984496124031,0.74000059534739
"Mitsukurina owstoni",7.87954110898662,0.913876798128637
"Neoharriotta pinnata",7.87619047619048,1.51993990522926
"Narcine westraliensis",7.875,3.40390493597152
"Scymnodalatias oligodon",7.87234042553191,2.58381236744215
"Galeus atlanticus",7.8695652173913,5.37654346624853
"Bathyraja taranetzi",7.86846846846847,1.0636675020005
"Apristurus parvipinnis",7.86802030456853,2.01436995021825
"Squalus chloroculus",7.86666666666667,1.71900608432457
"Bathyraja isotrachys",7.86604651162791,0.767467628641789
"Bathyraja irrasa",7.86567164179104,3.20222526254151
"Squaliolus laticaudus",7.86513994910942,0.920002213427656
"Bathyraja maculata",7.8627345844504,0.584570885333225
"Rajella caudaspinosa",7.86206896551724,2.1830829437326
"Parmaturus albipenis",7.86111111111111,4.4677943029428
"Bathyraja mariposa",7.86046511627907,2.96164245375686
"Squaliolus aliae",7.86027944111776,0.753292204753018
"Leucoraja garmani",7.85922330097087,1.89797554488983
"Raja stellulata",7.85869565217391,2.8648193743982
"Bathyraja interrupta",7.85755395683453,1.1031923842607
"Bathyraja pacifica",7.85714285714286,6.10553333276768
"Parmaturus angelae",7.85714285714286,6.9970692100626
"Lamiopsis temminckii",7.85648148148148,0.732122083940619
"Somniosus pacificus",7.85430988894765,0.473951802843616
"Chiloscyllium burmensis",7.85416666666667,3.74385720225034
"Myliobatis ridens",7.85384615384615,2.3634673944101
"Cephaloscyllium albipinnum",7.85344827586207,1.71166245832148
"Cephaloscyllium signourum",7.85329341317365,1.27370775987711
"Mustelus antarcticus",7.85286103542234,1.25218480608341
"Rhinoraja odai",7.85185185185185,5.7733826943344
"Sinobatis borneensis",7.85106382978723,2.33216167561327
"Heteroscymnoides marleyi",7.85034013605442,2.04520931711431
"Parmaturus albimarginatus",7.85,3.90900281789397
"Squatina pseudocellata",7.84971098265896,1.73542698801915
"Bathyraja minispinosa",7.84887087434858,0.658375775827723
"Chiloscyllium griseum",7.84736842105263,1.47987043641532
"Pavoraja mosaica",7.84722222222222,3.21584351607634
"Pavoraja pseudonitida",7.84722222222222,3.21584351607634
"Dasyatis marmorata",7.84347826086957,2.20740126468202
"Mustelus schmitti",7.8426724137931,1.23364666055647
"Dasyatis parvonigra",7.84210526315789,5.14187750517644
"Insentiraja laxipella",7.84210526315789,5.86629235010766
"Neotrygon leylandi",7.84146341463415,2.94797628524536
"Rhinobatos horkelii",7.8412017167382,1.74773145858482
"Raja texana",7.84090909090909,1.94490650777451
"Mollisquama parini",7.84,5.33090853969432
"Rajella challengeri",7.83854166666667,1.88789610858781
"Bathyraja lindbergi",7.83699059561128,0.821270929096014
"Psammobatis lentiginosa",7.83495145631068,1.39009493562089
"Rhinochimaera pacifica",7.8343697003957,0.573459943474702
"Trygonorrhina dumerilii",7.83333333333333,1.32163102325345
"Rajella annandalei",7.83333333333333,10.7138581497714
"Echinorhinus cookei",7.83165829145729,0.930265373669911
"Urolophus paucimaculatus",7.83091787439614,1.81705288626398
"Leucoraja erinacea",7.83081570996979,1.36040131121812
"Heterodontus omanensis",7.82857142857143,4.40422952205627
"Hemitriakis japanica",7.82847896440129,0.789781873765071
"Etmopterus hillianus",7.82845188284519,1.96188170146294
"Hemitriakis abdita",7.82835820895522,2.29830725464891
"Apristurus profundorum",7.82666666666667,1.41633884105548
"Discopyge tschudii",7.82564102564103,1.14672211846023
"Okamejei powelli",7.825,1.88612022282502
"Torpedo bauchotae",7.825,2.35074969535057
"Dipturus springeri",7.82470119521912,1.66402512510063
"Dipturus laevis",7.824,1.32615982738377
"Psammobatis bergi",7.82242990654206,1.40851051378517
"Bathyraja parmifera",7.82227171492205,0.548653289836443
"Urobatis halleri",7.82132564841499,1.64915741699285
"Mustelus fasciatus",7.82075471698113,1.9398625636665
"Mustelus lunulatus",7.81948424068768,1.60818540625551
"Rhinobatos irvinei",7.81884057971014,2.31292017961866
"Raja rhina",7.81845238095238,1.59003586197008
"Etmopterus perryi",7.81818181818182,8.37592421883955
"Orectolobus japonicus",7.81783439490446,0.886771317757625
"Etmopterus pusillus",7.81623330990864,0.504839610628153
"Rhinobatos hynnicephalus",7.8159509202454,2.23952906787995
"Psammobatis scobina",7.81538461538462,3.44135530052693
"Squalus margaretsmithae",7.8150289017341,1.97261994439885
"Apristurus spongiceps",7.81376518218623,1.83735917475734
"Raja inornata",7.81347150259067,1.93823492865481
"Okamejei boesemani",7.81306715063521,0.992167368365659
"Bathyraja trachura",7.81281464530892,0.602063740349601
"Parascyllium ferrugineum",7.81205673758865,1.48703590331447
"Zameus squamulosus",7.81139122315593,0.557185230286618
"Gurgesiella dorsalifera",7.81081081081081,4.34432652170932
"Sympterygia acuta",7.81018518518519,1.94051564501116
"Heterodontus zebra",7.80985915492958,0.778176747202709
"Psammobatis extenta",7.80835380835381,1.28245267751251
"Etmopterus polli",7.80769230769231,1.36964433115839
"Fenestraja sinusmexicanus",7.80722891566265,1.44337249844185
"Heterodontus portusjacksoni",7.80701754385965,1.0922032050435
"Galeus springeri",7.80582524271845,2.5887025428583
"Cirrhigaleus asper",7.80528846153846,1.21877990822432
"Etmopterus bullisi",7.80519480519481,1.71231442233558
"Etmopterus lucifer",7.80452851820006,0.453132447986307
"Notoraja tobitukai",7.80392156862745,2.72678724528398
"Amblyraja radiata",7.80373303167421,0.452753204940852
"Narke japonica",7.80357142857143,1.03964574494249
"Raja microocellata",7.80272108843537,1.3783111223114
"Spiniraja whitleyi",7.79810725552051,1.3293897872257
"Raja binoculata",7.7970802919708,1.0821784095542
"Dipturus nidarosiensis",7.79599056603774,0.849687517058298
"Mustelus henlei",7.7910447761194,1.337378603663
"Rajella fuliginea",7.79101899827288,1.18185913437876
"Sphyrna zygaena",7.79092832583973,0.316347126107762
"Galeus antillensis",7.78947368421053,2.77471220639157
"Apristurus longicephalus",7.78928247048138,0.773830676832655
"Squatina occulta",7.78600823045267,1.79013898497727
"Brochiraja aenigma",7.78571428571429,7.11357634809041
"Somniosus rostratus",7.78508771929824,0.907050631727915
"Rioraja agassizii",7.78360655737705,1.48439427461958
"Dasyatis navarrae",7.78102189781022,2.40465579417941
"Typhlonarke aysoni",7.78100263852243,1.44005753082713
"Okamejei hollandi",7.77777777777778,1.71632792513686
"Tetronarce puelcha",7.77694235588972,1.13627149004108
"Myliobatis tenuicaudatus",7.77635782747604,1.0990010056763
"Centroscyllium ritteri",7.77604166666667,1.80308780222841
"Tetronarce californica",7.77595628415301,1.81461692478226
"Somniosus microcephalus",7.77564741035857,0.281645922759008
"Dipturus cerva",7.77454545454545,1.4662340276681
"Dipturus confusus",7.77272727272727,2.16145988481308
"Dasyatis chrysonota",7.7719298245614,3.41223753769177
"Dentiraja lemprieri",7.77099236641221,2.26131474909445
"Triakis acutipinna",7.77083333333333,3.94901881220191
"Etmopterus gracilispinis",7.76938672072985,0.618839108003103
"Galeus priapus",7.76923076923077,4.04936696381412
"Squatina argentina",7.76881720430108,1.93677322102391
"Narcine brasiliensis",7.76612903225806,2.58261726129735
"Bythaelurus giddingsi",7.76470588235294,6.41552763163037
"Haploblepharus edwardsii",7.76470588235294,4.55107827287968
"Dasyatis hypostigma",7.76433121019108,2.17405657351151
"Sympterygia bonapartii",7.76290630975143,1.16066831455347
"Pseudotriakis microdon",7.76021913190055,0.603389732384055
"Aetobatus ocellatus",7.76021093992348,0.263691779072659
"Atlantoraja platana",7.75409836065574,1.26541676929992
"Squatina guggenheim",7.75185185185185,1.64817441981272
"Cruriraja durbanensis",7.75,6.33153882072785
"Urotrygon cimar",7.75,7.64795146533774
"Urotrygon reticulata",7.75,12.6605846642406
"Centrophorus uyato",7.7465564738292,0.490802211247633
"Dasyatis centroura",7.74368686868687,0.860866323029767
"Halaelurus buergeri",7.74291938997821,1.11839042307179
"Acroteriobatus annulatus",7.74193548387097,4.53888045600934
"Dasyatis brevicaudata",7.74125874125874,0.929332026563696
"Sphyrna mokarran",7.73696164199192,0.219701949485326
"Poroderma africanum",7.73684210526316,4.17884144239357
"Urolophus neocaledoniensis",7.73684210526316,4.42281173074154
"Notorynchus cepedianus",7.73607176581681,0.551890830797221
"Centrophorus westraliensis",7.73529411764706,2.73025654351402
"Carcharhinus isodon",7.73524962178517,1.06967851175353
"Squalus suckleyi",7.7338893100834,0.516174044844292
"Plesiobatis daviesi",7.73344947735192,1.1254847904194
"Dalatias licha",7.73273273273273,0.470501065776269
"Neoraja stehmanni",7.73214285714286,3.73071036877695
"Heteronarce mollis",7.73170731707317,3.24842741785991
"Carcharhinus signatus",7.73101777059774,0.714708817074901
"Mustelus griseus",7.73093525179856,0.966801401649841
"Bathyraja smirnovi",7.73002159827214,0.855046822939488
"Carcharhinus obscurus",7.72887547649301,0.301528819999069
"Raja eglanteria",7.72668810289389,1.58544776944172
"Himantura bleekeri",7.7265625,1.77890941938595
"Triakis semifasciata",7.72558139534884,1.80429053207905
"Squatina dumeril",7.72437673130194,1.09852361049861
"Rhizoprionodon terraenovae",7.72307692307692,1.00918089372133
"Squalus cubensis",7.72295247724975,0.87321063272297
"Hypnos monopterygius",7.72258064516129,1.35877753289889
"Squalus rancureli",7.72222222222222,5.57767761635334
"Platyrhina sinensis",7.72021419009371,0.950422831217479
"Sphyrna lewini",7.71969889199019,0.209426276379295
"Gymnura japonica",7.71799027552674,1.07699939767445
"Atlantoraja castelnaui",7.71565495207668,1.35500076893319
"Okamejei acutispina",7.71457489878543,1.10684269478114
"Urolophus flavomosaicus",7.71323529411765,2.40031183168111
"Malacoraja senta",7.71225806451613,0.967477752579565
"Etmopterus virens",7.70945945945946,1.16549726523736
"Zapteryx brevirostris",7.70472440944882,1.64602240635232
"Squatina japonica",7.7044776119403,0.903721449127128
"Narke dipterygia",7.70399305555556,0.666066571470796
"Aetobatus narinari",7.70334391929759,0.245658165783151
"Bathyraja eatonii",7.70261437908497,1.48219126566456
"Bathyraja trachouros",7.70149253731343,3.24317614290527
"Triakis maculata",7.7,4.13899904944579
"Etmopterus schultzi",7.69834710743802,1.93253370678756
"Squalus clarkae",7.6948717948718,1.10496477049002
"Narcine lingula",7.69230769230769,2.1736966054426
"Apristurus albisoma",7.69,2.67307941059624
"Myliobatis californica",7.6875,1.82911346833133
"Leucoraja wallacei",7.68613138686131,2.20436784333703
"Squatina nebulosa",7.6859375,0.898739724639566
"Deania profundorum",7.68506056527591,0.99446943145701
"Narcine maculata",7.68433179723502,1.19542107651869
"Mustelus manazo",7.68353067814855,0.746049290065872
"Galeocerdo cuvier",7.68145454545455,0.217690551761119
"Heterodontus japonicus",7.68073878627968,0.784771429604843
"Narcine prodorsalis",7.68032786885246,1.76168363950379
"Schroederichthys saurisqualus",7.68,4.03740090412211
"Insentiraja subtilispinosa",7.6796875,1.63972287607448
"Rajella sadowskii",7.67647058823529,3.20817238742817
"Myliobatis tobijei",7.67476383265857,0.823381694563084
"Oxynotus centrina",7.67054986020503,0.550478734882467
"Narcine tasmaniensis",7.67025089605735,1.54772589121666
"Sinobatis melanosoma",7.66981132075472,1.85510362693984
"Tetronarce formosa",7.66935483870968,2.30247431455422
"Pristiophorus japonicus",7.66818873668189,0.938461488381077
"Malacoraja obscura",7.66666666666667,7.2396836311876
"Mustelus palumbes",7.66666666666667,2.17909262449767
"Paragaleus randalli",7.66666666666667,2.62573141966491
"Urotrygon simulatrix",7.66666666666667,14.8732014446158
"Scoliodon laticaudus",7.66593212869105,0.550527448000437
"Dipturus oculus",7.66071428571429,3.43624944457038
"Odontaspis ferox",7.66069997328346,0.470617214576424
"Asymbolus analis",7.65822784810127,2.94191897918818
"Tetronarce nobiliana",7.65750696933493,0.494474262121295
"Squalus bucephalus",7.65740740740741,2.55143090098785
"Mustelus canis",7.65700934579439,0.594615098146401
"Carcharias taurus",7.65543237250554,0.386914703216538
"Rhizoprionodon oligolinx",7.65468306527909,0.605087672656224
"Chaenogaleus macrostoma",7.65274555297757,0.694306620638208
"Etmopterus spinax",7.65158532240827,0.478621340538242
"Urolophus viridis",7.65151515151515,1.86277630324932
"Cephaloscyllium laticeps",7.64649681528662,1.42316413600757
"Dasyatis bennettii",7.64601769911504,2.57322087179912
"Pristiophorus nancyae",7.64583333333333,3.99537427187874
"Pavoraja nitida",7.64561403508772,1.48554755070684
"Asymbolus rubiginosus",7.64516129032258,2.24686511904456
"Acroteriobatus variegatus",7.64383561643836,2.31959221123193
"Trygonoptera personata",7.64285714285714,7.26837764178494
"Squalus mitsukurii",7.64203612479475,1.05165441456846
"Gurgesiella atlantica",7.64137931034483,2.41638911005811
"Heterodontus francisci",7.64088397790055,1.99132838960086
"Pristiophorus nudipinnis",7.64016736401674,1.59533213030168
"Squalus crassispinus",7.63865546218487,1.76894491291975
"Leucoraja circularis",7.63557312252964,0.744209816821356
"Irolita westraliensis",7.63529411764706,3.08102460117712
"Negaprion acutidens",7.63491020586947,0.414619053739902
"Scymnodon macracanthus",7.63468634686347,1.66656866716648
"Diplobatis colombiensis",7.63157894736842,5.71553970883232
"Etmopterus bigelowi",7.63009234111896,0.5314494871854
"Himantura pacifica",7.62962962962963,5.25947529103212
"Notoraja sticta",7.625,3.30028864839706
"Sinobatis filicauda",7.625,5.49381730853226
"Leucoraja ocellata",7.62417871222076,0.944444429310972
"Hypogaleus hyugaensis",7.62140672782875,0.579967046831211
"Carcharhinus hemiodon",7.62092703074805,0.587416008333541
"Dipturus mennii",7.61818181818182,3.6701370094661
"Squatina varii",7.61744966442953,2.06005475187003
"Iago omanensis",7.61673414304993,0.999331819532957
"Centrophorus granulosus",7.61541869738591,0.544149178488226
"Bathyraja panthera",7.61538461538462,2.5960382184633
"Etmopterus pycnolepis",7.61538461538461,5.0820899881989
"Squalus blainville",7.61290322580645,4.38625334502605
"Squalus edmundsi",7.6125,2.15845617996013
"Raja chinensis",7.61046511627907,2.0039768357012
"Dipturus leptocaudus",7.60714285714286,2.68451721042373
"Leucoraja naevus",7.60584588131089,0.75153858910245
"Atelomycterus fasciatus",7.6031746031746,3.17696721341774
"Galeus arae",7.6030534351145,1.74248326163621
"Carcharhinus brachyurus",7.6019656019656,0.57543186381476
"Heteronarce prabhui",7.6,11.6445678149066
"Squatina formosa",7.6,5.06921785850339
"Platyrhinoidis triseriata",7.59863945578231,2.2490586098777
"Okamejei kenojei",7.59833333333333,0.973006898352948
"Gymnura altavela",7.59449035812672,0.623626128331589
"Stegostoma fasciatum",7.59113075281926,0.340826589631386
"Zapteryx exasperata",7.5906432748538,2.05957875054009
"Bathyraja bergi",7.58870967741935,1.52968348811201
"Poroderma pantherinum",7.58730158730159,3.28941033378779
"Myliobatis aquila",7.58561070831009,0.582766623479412
"Narcine atzi",7.58333333333333,8.38326790075609
"Raja montagui",7.58295964125561,0.649074745808932
"Rhinobatos productus",7.58235294117647,2.05970611758867
"Squalus megalops",7.58215962441315,1.30868930041766
"Rostroraja alba",7.58190541466758,0.593037184404503
"Dipturus grahami",7.58163265306122,2.47518702441878
"Himantura leoparda",7.58092948717949,0.558306653030122
"Ginglymostoma cirratum",7.58064516129032,0.579827401826141
"Chiloscyllium plagiosum",7.58037882467217,0.510250785099882
"Negaprion brevirostris",7.57987470634299,0.521079951315986
"Leucoraja fullonica",7.57891061452514,0.696236864576304
"Aetomylaeus milvus",7.57874015748032,1.4671028145354
"Chiloscyllium arabicum",7.57826086956522,1.57098313441957
"Leptocharias smithii",7.57772435897436,0.711079138345453
"Halaelurus sellus",7.57591623036649,1.73159059192386
"Dipturus batis",7.57282671272309,0.573165370190106
"Carcharhinus plumbeus",7.57187645146307,0.295775030316386
"Mustelus californicus",7.57065217391304,1.93464659556562
"Paragaleus tengi",7.5703125,2.04960565601543
"Hexanchus griseus",7.56733848182332,0.358681800111744
"Squatina californica",7.56578947368421,1.59034188223374
"Gymnura zonura",7.56363636363636,1.79116754065453
"Mobula kuhlii",7.56323083585968,0.391474917481517
"Aetomylaeus nichofii",7.56017236072638,0.452218435688769
"Hemiscyllium hallstromi",7.55769230769231,3.58740141706239
"Galeus melastomus",7.55681818181818,0.540104795271225
"Discopyge castelloi",7.55555555555556,5.12876146895415
"Narcine leoparda",7.55555555555556,9.05567432943528
"Anacanthobatis americana",7.55494505494505,2.06233494056411
"Aetomylaeus bovinus",7.55284015852048,0.631257846895785
"Cephalurus cephalus",7.55172413793103,3.53241140212178
"Scyliorhinus torazame",7.55052264808362,1.41213255819935
"Carcharhinus albimarginatus",7.54996585476895,0.360591462246106
"Narcine bancroftii",7.54956268221574,1.01678264967334
"Loxodon macrorhinus",7.54930682709914,0.394389401702821
"Scyliorhinus stellaris",7.54895437262357,0.488965417001286
"Mustelus mustelus",7.54875283446712,0.599170455119978
"Nebrius ferrugineus",7.54862892089169,0.401141054121686
"Euprotomicroides zantedeschia",7.54716981132075,2.37226774565177
"Galeorhinus galeus",7.54625417045799,0.436413334379768
"Dipturus stenorhynchus",7.54545454545455,7.97095905958478
"Mustelus whitneyi",7.54545454545455,5.21753194713112
"Schroederichthys chilensis",7.54545454545455,7.65032175730099
"Taeniura lessoni",7.54545454545455,1.70893795890304
"Carcharhinus perezi",7.54403834631516,0.685167972762833
"Iago garricki",7.54396248534584,0.907989639834063
"Galeus gracilis",7.54285714285714,2.40747136376467
"Bathyraja maccaini",7.54243542435424,1.64214703746899
"Benthobatis kreffti",7.54054054054054,4.53381129732692
"Eusphyra blochii",7.53935376967689,0.435492080365088
"Heptranchias perlo",7.53386380458919,0.311423028256824
"Hemiscyllium michaeli",7.53333333333333,7.25702569912463
"Carcharhinus amboinensis",7.53054511278195,0.410534414249178
"Dasyatis sabina",7.5296803652968,1.90161314471242
"Triakis scyllium",7.52805755395683,0.893749138899829
"Himantura uarnacoides",7.52788104089219,0.996534045266052
"Rhinobatos planiceps",7.52777777777778,4.77539874995794
"Neotrygon kuhlii",7.52564102564103,2.10666462643969
"Himantura gerrardi",7.52506596306069,0.827445546579093
"Urolophus cruciatus",7.52173913043478,3.14900260632507
"Hemipristis elongata",7.5165140160977,0.430883909779876
"Echinorhinus brucus",7.51393312101911,0.493054798193781
"Scyliorhinus canicula",7.51369509043928,0.542760928301499
"Himantura fai",7.51220679751077,0.538509878796137
"Narcine rierai",7.51219512195122,2.65557515238667
"Urogymnus asperrimus",7.51211278792693,0.385163038726419
"Carcharhinus limbatus",7.51007261653783,0.277974852827723
"Tetronarce occidentalis",7.50961538461539,1.4358668671821
"Apristurus riveri",7.50728862973761,1.38888298619596
"Squatina armata",7.50467289719626,2.66484704352762
"Atelomycterus marmoratus",7.50438822922044,0.590753376488118
"Chiloscyllium indicum",7.50252844500632,0.675310376378749
"Squatina squatina",7.50189907759088,0.600980136633813
"Raja clavata",7.5010989010989,0.42359416693323
"Cirrhoscyllium expolitum",7.5,4.29352342888023
"Neotrygon ningalooensis",7.5,13.0558241966773
"Notoraja sereti",7.5,20.5664726674216
"Rhizoprionodon porosus",7.49967679379444,0.657481635322696
"Glaucostegus obtusus",7.4957264957265,1.79203288023978
"Squalus nasutus",7.49565217391304,1.90383859650418
"Aetomylaeus vespertilio",7.49261553120534,0.529254879069854
"Carcharhinus macloti",7.49062245175319,0.442710161069785
"Cephaloscyllium fasciatum",7.49038461538462,2.50997278696594
"Squalus acanthias",7.48975689702267,0.454022334807386
"Carcharhinus acronotus",7.48927038626609,0.652033011320334
"Himantura jenkinsii",7.48485784919654,0.462843728049896
"Dasyatis sinensis",7.48255813953488,2.02526334215376
"Carcharhinus tjutjot",7.48200423429781,0.703930505026422
"Trigonognathus kabeyai",7.48091603053435,2.29136109128657
"Chiloscyllium punctatum",7.48052407932011,0.459096686582609
"Carcharhinus sealei",7.48041936478569,0.445496859868167
"Urolophus aurantiacus",7.47368421052632,1.87632246075304
"Taeniurops meyeni",7.47314725697786,0.348746506601497
"Mustelus asterias",7.47278481012658,0.60427848401781
"Carcharhinus borneensis",7.47225501770956,0.825217879824757
"Dipturus polyommata",7.47142857142857,3.26683830781007
"Dipturus apricus",7.47126436781609,2.93842960157114
"Urotrygon aspidura",7.47058823529412,5.31125502490078
"Himantura granulata",7.47054097482592,0.424935969743038
"Taeniura grabata",7.46904969485615,0.711428415612798
"Zameus ichiharai",7.46666666666667,7.47791360736348
"Raja undulata",7.46453546453546,0.735495693293131
"Rhinobatos sainsburyi",7.45971563981043,1.79569948619483
"Scyliorhinus ugoi",7.45833333333333,4.46314720130496
"Dasyatis laevigata",7.44954128440367,2.34455443947478
"Carcharhinus leucas",7.43993325917686,0.351485428738142
"Pastinachus atrus",7.43594527363184,0.582530971181372
"Mustelus minicanis",7.43333333333333,5.31509930138788
"Gymnura micrura",7.43206106870229,0.725932716046389
"Raja pulchra",7.42993630573248,0.977730530192407
"Himantura lobistoma",7.42982456140351,1.87828905018369
"Himantura pastinacoides",7.4281045751634,1.09584599739808
"Squalus bassi",7.4251968503937,2.22501204226536
"Etmopterus dianthus",7.42424242424242,4.68612055078346
"Squatina africana",7.42128935532234,1.03114240594749
"Carcharhinus sorrah",7.42070116861436,0.406022343967288
"Carcharhinus amblyrhynchoides",7.41708394698085,0.473594370512032
"Triaenodon obesus",7.41493212669683,0.373098750553009
"Mustelus norrisi",7.41029023746702,0.9111318889075
"Trygonorrhina fasciata",7.40909090909091,3.20794728553846
"Torpedo marmorata",7.4080604534005,0.724822107815968
"Apristurus indicus",7.405,1.94195439408006
"Carcharhinus dussumieri",7.40390879478827,1.39267096177101
"Aptychotrema timorensis",7.4,11.6011145406749
"Etmopterus litvinovi",7.4,4.60761093880678
"Urotrygon nana",7.4,11.6011145406749
"Nasolamia velox",7.39716312056738,2.34736200386037
"Rhynchobatus laevis",7.39627659574468,1.38618581587789
"Himantura astra",7.39415204678363,0.848236095244045
"Okamejei ornata",7.3921568627451,3.89029917956388
"Glaucostegus granulatus",7.39130434782609,1.32246021622589
"Hemiscyllium freycineti",7.39130434782609,5.44026951833006
"Eridacnis barbouri",7.38333333333333,3.21555388019753
"Eridacnis radcliffei",7.38306451612903,1.12043900786922
"Rhinobatos albomaculatus",7.3768115942029,3.47200310549579
"Himantura schmardae",7.37525354969574,0.86588170724989
"Atelomycterus macleayi",7.36633663366337,1.79981494448
"Scoliodon macrorhynchos",7.36591478696742,0.749113781551943
"Urolophus sufflavus",7.36363636363636,3.72705995047664
"Glaucostegus thouin",7.36288088642659,1.07080930563914
"Himantura uarnak",7.36215850079025,0.40985988029817
"Carcharhinus leiodon",7.35714285714286,1.68035334004395
"Hemiscyllium halmahera",7.35294117647059,5.87492103303993
"Raja equatorialis",7.35238095238095,2.77112788849376
"Pastinachus sephen",7.34874504623514,0.963381930044501
"Heterodontus galeatus",7.34426229508197,3.42035393653138
"Hemigaleus microstoma",7.34353949785671,0.568067185892466
"Anoxypristis cuspidata",7.34121840570318,0.444029244378837
"Mustelus sinusmexicanus",7.34042553191489,2.87887993221982
"Galeus sauteri",7.33333333333333,1.3709998239798
"Urolophus armatus",7.33333333333333,4.78493708376849
"Himantura undulata",7.33133133133133,0.872202312900249
"Neoharriotta pumila",7.32795698924731,1.90681340447596
"Dasyatis acutirostra",7.3265306122449,3.92499911204127
"Mustelus punctulatus",7.32435129740519,0.826986753554658
"Squatina oculata",7.32030401737242,0.869330915599199
"Parascyllium collare",7.32,3.05281603545848
"Hexanchus nakamurai",7.31741573033708,0.655375988765704
"Dasyatis americana",7.31666666666667,0.978832403825875
"Carcharhinus coatesi",7.31284153005464,0.950144501140169
"Torpedo torpedo",7.3127802690583,0.79381764555145
"Scyliorhinus cabofriensis",7.3125,5.76084561255699
"Squalus formosus",7.30769230769231,4.99536573233959
"Dipturus australis",7.30645161290323,3.33360923400168
"Holohalaelurus grennian",7.30487804878049,2.64295857929273
"Rhinobatos lentiginosus",7.303125,1.41762375758011
"Urobatis jamaicensis",7.30232558139535,0.989057001747847
"Urolophus gigas",7.3,3.0450137673806
"Mustelus walkeri",7.29906542056075,2.42290708477891
"Neoraja iberica",7.29411764705882,2.58355481143381
"Myliobatis freminvillei",7.28642590286426,0.880313523614544
"Pristis pectinata",7.28582202111614,0.724455864961903
"Dipturus endeavouri",7.28571428571429,4.18348491965426
"Squalus melanurus",7.28571428571429,9.19228163411559
"Carcharhinus altimus",7.28254437869823,0.540510076448958
"Brachaelurus waddi",7.26530612244898,3.92741002892959
"Dasyatis microps",7.26478149100257,0.936456294173712
"Carcharhinus brevipinna",7.26108527131783,0.432159006044549
"Rhizoprionodon acutus",7.25926966292135,0.427559020120131
"Squalus altipinnis",7.25904761904762,1.2079870403729
"Hemiscyllium ocellatum",7.25684024713151,0.759001164042864
"Carcharhinus amblyrhynchos",7.2539446263769,0.420452369019717
"Carcharhinus melanopterus",7.2473858007705,0.414564727122754
"Dipturus lanceorostratus",7.24390243902439,3.65985030203295
"Bathyraja diplotaenia",7.24324324324324,3.11205223997423
"Dasyatis longa",7.24242424242424,3.35413826215444
"Rhizoprionodon taylori",7.23994252873563,0.953467619261508
"Glaucostegus typus",7.2359649122807,0.493111279688433
"Mollisquama mississippiensis",7.23529411764706,6.02065578736136
"Maculabatis macrura",7.22804054054054,0.754109034329113
"Pristis pristis",7.22654910604947,0.418918551495659
"Mustelus mento",7.21621621621622,3.02610551083731
"Haploblepharus kistnasamyi",7.21428571428571,6.99670093357033
"Mustelus higmani",7.21276595744681,0.970699561598905
"Gymnura australis",7.21068702290076,0.989629493322875
"Pliotrema warreni",7.2093023255814,2.76552739539797
"Dasyatis akajei",7.20720720720721,1.26437741489592
"Trygonoptera mucosa",7.20408163265306,4.24785230905978
"Etmopterus lailae",7.2,11.5540014494957
"Hemigaleus australiensis",7.19781931464174,0.971176574089266
"Pristis clavata",7.19617762788083,0.585855704467488
"Aetomylaeus caeruleofasciatus",7.1952,1.01383209416131
"Dasyatis say",7.18857142857143,1.06535169409782
"Squalus albicaudus",7.1875,3.70288159015476
"Halaelurus boesemani",7.1864406779661,3.39085757424833
"Myliobatis goodei",7.18324607329843,0.730031904490916
"Dasyatis pastinaca",7.17813765182186,0.749962615667371
"Centrophorus longipinnis",7.17567567567568,2.80120131241486
"Squatina aculeata",7.17256637168142,1.00092668972703
"Carcharhinus tilstoni",7.17218543046358,1.03430955116895
"Narcine timlei",7.17109144542773,1.02073576981975
"Holohalaelurus punctatus",7.17021276595745,3.34920839405554
"Rhinoptera marginata",7.16307692307692,1.00689630892019
"Diplobatis guamachensis",7.16071428571429,3.50308894230557
"Raja asterias",7.15650969529086,0.956764837301311
"Sphyrna tiburo",7.15603448275862,0.781068774846676
"Squalus mahia",7.15555555555556,2.52840207630901
"Eridacnis sinuans",7.15094339622642,2.38051466281401
"Pristis zijsron",7.14317389927146,0.474045416057237
"Fenestraja maceachrani",7.14285714285714,9.41496241165868
"Trygonoptera ovalis",7.14285714285714,5.15178798069779
"Raja polystigma",7.13157894736842,1.20376378882926
"Aptychotrema rostrata",7.1301775147929,2.12993676376793
"Himantura walga",7.12865497076023,1.14914928143388
"Okamejei heemstrai",7.12765957446809,3.51859091825347
"Carcharhinus fitzroyensis",7.12635379061372,1.03818712317072
"Torpedo adenensis",7.125,8.92855339103517
"Raja radula",7.12257100149477,1.05447563086696
"Neotrygon picta",7.1214953271028,1.56235791576637
"Temera hardwickii",7.12121212121212,4.3579316858282
"Hemiscyllium trispeculare",7.12080536912752,1.03025373070666
"Squatina david",7.11890243902439,1.48500171613505
"Torpedo panthera",7.11830357142857,1.23809613238292
"Hemitriakis leucoperiptera",7.11510791366906,1.58377396108713
"Narcine ornata",7.11011904761905,1.38430430204973
"Rhynchobatus australiae",7.10962856112514,0.485919091395106
"Etmopterus pseudosqualiolus",7.10526315789474,4.46499766480683
"Notoraja ochroderma",7.1,8.44411216783803
"Centrophorus isodon",7.0983606557377,3.2122343012061
"Rhynchobatus palpebratus",7.09580838323353,1.130314874457
"Heterodontus ramalheira",7.0935960591133,1.80284390848147
"Myliobatis hamlyni",7.09302325581395,1.73700660048194
"Sphyrna tudes",7.08333333333333,1.02129454339348
"Raja velezi",7.08247422680412,2.9693693662214
"Rhizoprionodon longurio",7.08,3.23668644905133
"Mustelus mosis",7.07731958762887,1.10942301697445
"Urolophus piperatus",7.07407407407407,4.68174927134761
"Carcharhinus porosus",7.07307692307692,0.892530159194424
"Orectolobus ornatus",7.07103825136612,2.05759161271176
"Etmopterus sentosus",7.06951871657754,1.68005553043579
"Rhinobatos punctifer",7.06841046277666,1.18559228547346
"Rhina ancylostoma",7.06662395900064,0.437570776303572
"Acroteriobatus ocellatus",7.05555555555556,3.2631234957302
"Urotrygon chilensis",7.05555555555556,3.20555696576752
"Sphyrna corona",7.04950495049505,2.7836834772027
"Urolophus kapalensis",7.04761904761905,5.76218500743589
"Rhinoptera bonasus",7.04144527098831,0.751535964453342
"Cruriraja parcomaculata",7.03488372093023,2.48664152038085
"Hypanus berthalutzae",7.0343137254902,1.57710714310807
"Raja miraletus",7.03372681281619,1.10627368312577
"Diplobatis ommata",7.03125,2.67475870687642
"Rhinoptera steindachneri",7.02830188679245,2.74267531631552
"Cephaloscyllium sufflans",7.01360544217687,1.83378014528815
"Gymnura crebripunctata",7,3.26002484575647
"Trygonoptera testacea",7,3.77725783706603
"Dasyatis izuensis",7,13.6453393580111
"Planonasus indicus",7,9.52873850326076
"Torpedo fuscomaculata",6.99632352941176,1.40551102869784
"Rhinobatos glaucostigma",6.98795180722892,2.93125174321563
"Rhinobatos percellens",6.97598253275109,1.27403158911172
"Narcine vermiculatus",6.975,4.07156622384452
"Aetomylaeus maculatus",6.97081712062257,1.13781017945164
"Dasyatis dipterura",6.96,2.27556186867811
"Rhynchobatus springeri",6.93821510297483,1.24016721083624
"Neoharriotta carri",6.93518518518519,2.58729283014895
"Scyliorhinus hesperius",6.93220338983051,3.31272520174612
"Orectolobus wardi",6.92962962962963,1.47801221175616
"Cephaloscyllium cooki",6.92929292929293,2.44498489287876
"Brachaelurus colcloughi",6.92771084337349,2.92311197044524
"Carcharhinus cerdale",6.92753623188406,3.28670292168638
"Heterodontus mexicanus",6.91666666666667,3.019633761464
"Schroederichthys maculatus",6.91666666666667,3.38760532075434
"Cirrhigaleus barbifer",6.91304347826087,2.65284938757341
"Rhinoptera neglecta",6.91133004926108,1.83311975191013
"Diplobatis pictus",6.8995983935743,1.75695306318157
"Sphyrna media",6.89952153110048,1.02753261406055
"Gymnura natalensis",6.89130434782609,3.48285544148939
"Dasyatis guttata",6.88405797101449,0.943632296626107
"Narke capensis",6.8828125,2.17227010249664
"Atelomycterus marnkalha",6.87974683544304,1.46345834429784
"Etmopterus villosus",6.86842105263158,4.81759682896661
"Myliobatis longirostris",6.86764705882353,3.14264660352872
"Holohalaelurus favus",6.85714285714286,3.45580016779004
"Urotrygon microphthalmum",6.85526315789474,1.77383228308178
"Bathyraja tunae",6.84615384615385,7.48716352139307
"Rhinoptera javanica",6.84341085271318,0.729453124682136
"Rhinobatos rhinobatos",6.84278768233387,1.07670371908175
"Narcine entemedor",6.83870967741935,3.081452023767
"Glyphis glyphis",6.81395348837209,3.39117586538041
"Leucoraja melitensis",6.8121546961326,1.78215564030631
"Raja cervigoni",6.81132075471698,2.48906689465405
"Pastinachus solocirostris",6.79710144927536,3.27451236084431
"Rhinobatos holcorhynchus",6.79439252336449,2.45244037489919
"Rhinobatos penggali",6.78571428571429,6.98785647504672
"Rhinoptera brasiliensis",6.780276816609,0.996358889342969
"Etmopterus burgessi",6.77777777777778,5.33104140802494
"Gymnura poecilura",6.77093844601413,0.772165508459401
"Centrophorus atromarginatus",6.76595744680851,2.27294852798523
"Scylliogaleus quecketti",6.76470588235294,5.93411568688674
"Rhinobatos schlegelii",6.75165562913907,1.47326281824955
"Pentanchus profundicolus",6.75,11.1549010834618
"Glaucostegus cemiculus",6.74596774193548,1.10629273121685
"Neotrygon annotata",6.73708920187793,1.7121998819727
"Himantura toshi",6.71345029239766,1.33309806795903
"Isogomphodon oxyrhynchus",6.69230769230769,2.00063743751743
"Potamotrygon yepezi",6.69230769230769,6.97125599421451
"Eucrossorhinus dasypogon",6.68241042345277,0.88222705568427
"Rhizoprionodon lalandii",6.67898383371825,1.16688500825228
"Urotrygon rogersi",6.6734693877551,3.69032300495154
"Pristiophorus schroederi",6.66666666666667,5.99288766633993
"Urotrygon venezuelae",6.66666666666667,6.35641726163728
"Aetobatus flagellum",6.6468253968254,1.55835294568709
"Chiloscyllium hasseltii",6.62682926829268,1.02314298945124
"Mustelus albipinnis",6.61702127659574,3.64020835566662
"Dasyatis marianae",6.60176991150442,2.21968939558081
"Himantura randalli",6.58823529411765,2.40582286186139
"Rhinobatos leucorhynchus",6.57894736842105,2.88517583973294
"Raja cortezensis",6.57142857142857,3.79868588198793
"Carcharhinus cautus",6.56145251396648,1.17741905842735
"Dasyatis zugei",6.5561797752809,0.846913747281177
"Notoraja fijiensis",6.53846153846154,6.86063526935265
"Heteronarce garmani",6.52941176470588,3.32166237094721
"Torpedo sinuspersici",6.51016260162602,1.06359148003932
"Electrolux addisoni",6.5,11.5797629116882
"Himantura imbricata",6.49392712550607,1.02844601553
"Halaelurus natalensis",6.484375,3.01556325825213
"Urobatis concentricus",6.48333333333333,3.26439658634666
"Dasyatis geijskesi",6.48087431693989,2.0179231892372
"Glyphis garricki",6.47407407407407,2.15927815726102
"Himantura signifer",6.46666666666667,6.73066920659266
"Halaelurus maculosus",6.46666666666667,6.45836184418601
"Narcine oculifera",6.46511627906977,4.069582867723
"Anacanthobatis marmorata",6.45833333333333,4.6772592025231
"Galeus schultzi",6.41176470588235,2.89264777247027
"Dasyatis colarensis",6.4,3.10626553110194
"Gymnura marmorata",6.37735849056604,3.32561108588737
"Rhynchobatus cooki",6.35294117647059,6.01048796169914
"Taeniura lymma",6.34114441416894,0.53437103543609
"Centroscyllium excelsum",6.3,5.39453520713417
"Sinobatis brevicauda",6.27272727272727,7.04119513415669
"Etmopterus carteri",6.25,10.8798534972311
"Aulohalaelurus kanakorum",6.25,5.84774554389364
"Glaucostegus halavi",6.21698113207547,1.34319604361403
"Rhynchobatus djiddensis",6.20506329113924,1.05431209795448
"Galeus piperatus",6.2,3.6466309720159
"Dipturus crosnieri",6.16666666666667,8.75370692682353
"Halaelurus lineatus",6.15254237288136,3.03439609359655
"Raja ackleyi",6.125,7.84456802346359
"Carcharhinus humani",6.1140350877193,2.06927341981558
"Pseudoginglymostoma brevicaudatum",6.08823529411765,2.3823629256124
"Acroteriobatus leucospilus",6.00625,1.82032012044835
"Atelomycterus baliensis",6,23.8683256575942
"Urobatis pardalis",6,23.8683256575942
"Himantura polylepis",6,4.00038432437066
"Maculabatis ambigua",5.93010752688172,1.6679975206214
"Dipturus campbelli",5.86842105263158,3.48587023660032
"Urobatis maculatus",5.73529411764706,4.35194139889245
"Squalus hemipinnis",5.73015873015873,2.62032268873036
"Dasyatis fluviorum",5.69871794871795,2.04523316573184
"Galeus corriganae",5.66666666666667,12.5841722689546
"Hemiscyllium galei",5.63636363636364,6.8103720193778
"Rhinobatos austini",5.59459459459459,3.74920827711816
"Paragaleus leucolomatus",5.36585365853658,3.74978592578443
"Potamotrygon motoro",5.33333333333333,7.14693557517662
"Himantura oxyrhyncha",5.33333333333333,13.1639067132484
"Orectolobus reticulatus",5.03125,4.04400412726213
"Torpedo suessii",5,21.904291355759
"Hemiscyllium strahani",4.94117647058824,5.33522038546323
"Etmopterus samadiae",4.71428571428571,8.38542777005607
"Urolophus javanicus",4.7,6.73525325163326
"Mustelus widodoi",4.5625,4.60351959665294
"Acroteriobatus zanzibarens",4.16666666666667,8.33333333333333
"Apristurus yangi",4,13.6329962172145
"Squalus lalannei",4,19.6946385566932
"Potamotrygon brachyura",3.75,8.97175703206592
"Cephaloscyllium pictum",3.45454545454546,5.29298537041211
"Miroscyllium sheikoi",3.4,7.55050336137274
"Rhinobatos jimbaranensis",3.36363636363636,5.11247563604392
"Potamotrygon constellata",2.9,5.55868598672293
"Potamotrygon signata",1.66666666666667,7.30143045191968
"Potamotrygon ocellata",1.625,4.22497086237039
"Potamotrygon scobina",1.625,4.22497086237039
"Potamotrygon orbignyi",1.42857142857143,3.04572451936586
"Dasyatis laosensis",0,0
"Paratrygon aiereba",0,0
"Potamotrygon marinae",0,0
